Timestamp,User Count,Type,Name,Requests/s,Failures/s,50%,66%,75%,80%,90%,95%,98%,99%,99.9%,99.99%,100%,Total Request Count,Total Failure Count,Total Median Response Time,Total Average Response Time,Total Min Response Time,Total Max Response Time,Total Average Content Size
1780117490,0,,Aggregated,0.000000,0.000000,N/A,N/A,N/A,N/A,N/A,N/A,N/A,N/A,N/A,N/A,N/A,0,0,0,0.0,0,0,0
1780117491,10,,Aggregated,0.000000,0.000000,N/A,N/A,N/A,N/A,N/A,N/A,N/A,N/A,N/A,N/A,N/A,0,0,0,0.0,0,0,0
1780117492,20,,Aggregated,0.000000,0.000000,N/A,N/A,N/A,N/A,N/A,N/A,N/A,N/A,N/A,N/A,N/A,0,0,0,0.0,0,0,0
1780117493,30,,Aggregated,0.000000,0.000000,2400,2400,2400,2400,2400,2400,2400,2400,2400,2400,2400,2,0,2300,2323.966728989035,2268.47904198803,2379.4544159900397,211.0
1780117494,40,,Aggregated,0.000000,0.000000,2400,2400,2400,2400,2400,2400,2400,2400,2400,2400,2400,2,0,2300,2323.966728989035,2268.47904198803,2379.4544159900397,211.0
1780117495,50,,Aggregated,0.000000,0.000000,2400,2400,4100,4100,4100,4100,4100,4100,4100,4100,4100,3,0,2400,2900.819333308997,2268.47904198803,4054.524541948922,211.0
1780117496,60,,Aggregated,0.666667,0.000000,5400,5400,5500,5500,5500,5500,5500,5500,5500,5500,5500,7,0,5400,4343.92142242619,2268.47904198803,5481.706833001226,211.0
1780117497,70,,Aggregated,0.600000,0.000000,5400,5500,5500,5500,6800,6900,6900,6900,6900,6900,6900,11,0,5400,4761.039704359559,2268.47904198803,6873.064624960534,252.27272727272728
1780117498,80,,Aggregated,1.166667,0.000000,5400,6100,6100,6100,6900,7100,7100,7100,7100,7100,7100,17,1,5400,4639.243266997201,284.3152080895379,7081.268500071019,831.5882352941177
1780117499,90,,Aggregated,1.166667,0.000000,5400,6100,6100,6100,6900,7100,7100,7100,7100,7100,7100,17,1,5400,4639.243266997201,284.3152080895379,7081.268500071019,831.5882352941177
1780117500,100,,Aggregated,1.166667,0.000000,5400,6100,6100,6100,6900,7100,7100,7100,7100,7100,7100,17,1,5400,4639.243266997201,284.3152080895379,7081.268500071019,831.5882352941177
1780117501,110,,Aggregated,1.166667,0.000000,5400,6100,6100,6100,6900,7100,7100,7100,7100,7100,7100,17,1,5400,4639.243266997201,284.3152080895379,7081.268500071019,831.5882352941177
1780117502,120,,Aggregated,1.700000,0.100000,5500,6100,6800,6900,7800,9400,9400,9400,9400,9400,9400,19,1,5500,5057.874467003307,284.3152080895379,9397.642042022198,790.1578947368421
1780117503,130,,Aggregated,1.700000,0.100000,6900,8200,9400,11000,11000,11000,11000,11000,11000,11000,11000,33,1,6900,6877.025885101774,284.3152080895379,11258.467542007565,856.0
1780117504,140,,Aggregated,1.700000,0.100000,6900,8200,9400,11000,11000,11000,11000,11000,11000,11000,11000,34,1,6800,6706.660071096849,284.3152080895379,11258.467542007565,832.3235294117648
1780117505,150,,Aggregated,3.000000,0.100000,8200,9000,10000,11000,11000,13000,13000,13000,13000,13000,13000,45,1,8200,7443.990592674042,284.3152080895379,12962.138334056363,919.0
1780117506,160,,Aggregated,3.200000,0.100000,8200,9000,10000,11000,11000,13000,13000,13000,13000,13000,13000,47,2,8200,7144.487229688589,256.8901249906048,12962.138334056363,881.531914893617
1780117507,170,,Aggregated,3.200000,0.100000,8200,8900,10000,11000,11000,13000,13000,13000,13000,13000,13000,48,3,7800,7001.41851309066,256.8901249906048,12962.138334056363,863.7083333333334
1780117508,180,,Aggregated,3.300000,0.100000,7800,8900,10000,11000,11000,13000,13000,13000,13000,13000,13000,49,4,7800,6868.137199883065,256.8901249906048,12962.138334056363,846.6122448979592
1780117509,190,,Aggregated,4.100000,0.300000,7800,8900,10000,11000,12000,13000,13000,13000,13000,13000,13000,53,4,7800,6819.362775982744,256.8901249906048,12962.138334056363,1006.7358490566038
1780117510,200,,Aggregated,4.100000,0.300000,7100,8900,10000,11000,12000,13000,13000,13000,13000,13000,13000,56,5,6900,6478.340915965548,256.8901249906048,12962.138334056363,1327.625
1780117511,200,,Aggregated,3.400000,0.300000,8200,10000,11000,12000,13000,14000,14000,14000,14000,14000,14000,76,8,7800,6868.150858565442,256.8901249906048,14430.65195903182,1726.5131578947369
1780117512,200,,Aggregated,3.900000,0.400000,8200,11000,13000,13000,19000,19000,20000,20000,20000,20000,20000,89,9,8200,7987.915034170441,256.8901249906048,19669.20783300884,1499.4719101123596
1780117513,200,,Aggregated,5.100000,0.400000,8900,12000,13000,14000,19000,19000,20000,20000,20000,20000,20000,102,10,8700,8626.38994813988,256.8901249906048,19874.149375013076,1542.362745098039
1780117514,200,,Aggregated,6.400000,0.800000,8200,11000,13000,14000,19000,19000,20000,20000,20000,20000,20000,111,14,8200,8198.390517660693,256.8901249906048,19874.149375013076,1616.3603603603603
1780117515,200,,Aggregated,6.300000,0.800000,8200,11000,13000,14000,19000,20000,20000,20000,21000,21000,21000,119,17,8200,8250.083946095616,233.54591708630323,21061.443415936083,1603.4621848739496
1780117516,200,,Aggregated,7.400000,1.200000,8200,12000,13000,16000,19000,20000,21000,21000,22000,22000,22000,134,24,8200,8216.67310916784,233.54591708630323,21552.134791971184,1516.6940298507463
1780117517,200,,Aggregated,8.000000,1.600000,8700,13000,16000,18000,19000,20000,22000,22000,22000,22000,22000,144,24,8700,8734.918929975214,233.54591708630323,22061.17041700054,1569.3680555555557
1780117518,200,,Aggregated,8.200000,2.000000,8900,13000,17000,18000,20000,20000,22000,22000,23000,23000,23000,162,29,8700,8969.37262062357,233.54591708630323,22945.959458011203,1606.3024691358025
1780117519,200,,Aggregated,9.000000,2.100000,8900,13000,18000,19000,20000,21000,22000,23000,24000,24000,24000,171,31,8900,9095.054506562508,233.54591708630323,23965.43937502429,1656.1520467836258
1780117520,200,,Aggregated,10.600000,2.200000,8900,13000,18000,19000,20000,22000,24000,24000,25000,25000,25000,184,34,8700,9185.799171190845,233.54591708630323,25042.16345900204,1717.5815217391305
1780117521,200,,Aggregated,11.400000,2.600000,8700,14000,18000,19000,20000,22000,24000,24000,25000,25000,25000,200,39,8200,9072.571458129678,231.62624996621162,25042.16345900204,1642.905
1780117522,200,,Aggregated,12.100000,2.800000,8900,14000,18000,19000,21000,22000,24000,24000,25000,25000,25000,213,41,8900,9423.362737487643,231.62624996621162,25042.16345900204,1603.4225352112676
1780117523,200,,Aggregated,11.800000,3.000000,8700,14000,18000,19000,21000,22000,24000,24000,25000,25000,25000,226,46,8700,9283.090275256438,231.62624996621162,25042.16345900204,1563.6637168141592
1780117524,200,,Aggregated,12.600000,3.200000,8900,15000,18000,19000,21000,22000,24000,24000,25000,25000,25000,234,49,8700,9367.434644576611,231.62624996621162,25042.16345900204,1518.9273504273503
1780117525,200,,Aggregated,12.400000,3.300000,8700,16000,19000,19000,21000,23000,24000,24000,25000,25000,25000,252,53,8200,9313.127975690082,231.62624996621162,25042.16345900204,1585.9722222222222
1780117526,200,,Aggregated,11.900000,3.300000,8200,16000,19000,19000,22000,23000,25000,27000,27000,27000,27000,271,57,8200,9464.3099617146,231.62624996621162,26725.153667037375,1565.3062730627307
1780117527,200,,Aggregated,12.700000,3.300000,8200,16000,19000,20000,22000,24000,27000,29000,30000,30000,30000,285,62,8200,9408.505706283215,231.62624996621162,29830.82320797257,1676.701754385965
1780117528,200,,Aggregated,12.900000,3.400000,6900,16000,19000,20000,23000,24000,27000,29000,30000,30000,30000,299,66,6900,9316.035035533525,231.62624996621162,29830.82320797257,1778.638795986622
1780117529,200,,Aggregated,13.800000,3.500000,6800,16000,19000,20000,23000,25000,27000,29000,30000,30000,30000,315,74,6800,9434.40764524331,229.39995804335922,29830.82320797257,1693.8063492063493
1780117530,200,,Aggregated,13.600000,3.700000,6100,16000,19000,20000,24000,26000,27000,29000,30000,30000,30000,338,79,5500,9405.196656567354,229.39995804335922,29830.82320797257,1745.7337278106509
1780117531,200,,Aggregated,14.000000,3.900000,5500,16000,19000,21000,24000,26000,29000,30000,30000,30000,30000,357,88,5500,9547.041474561747,229.39995804335922,29926.98008392472,1744.4621848739496
1780117532,200,,Aggregated,14.500000,4.400000,1100,15000,19000,21000,25000,26000,29000,30000,30000,30000,30000,386,98,940,9285.98915825271,229.39995804335922,30035.67637503147,1863.8341968911918
1780117533,200,,Aggregated,15.500000,4.500000,770,16000,19000,21000,25000,27000,29000,30000,30000,30000,30000,404,106,750,9365.368231860137,229.39995804335922,30035.67637503147,1890.1584158415842
1780117534,200,,Aggregated,16.600000,5.400000,730,14000,19000,21000,26000,27000,29000,30000,30000,30000,30000,427,114,730,9213.92283880395,229.39995804335922,30035.67637503147,1866.0421545667448
1780117535,200,,Aggregated,17.800000,6.000000,660,14000,19000,21000,26000,28000,29000,30000,30000,30000,30000,445,122,660,9171.581070039034,229.12545804865658,30035.67637503147,1817.0921348314607
1780117536,200,,Aggregated,17.700000,6.000000,660,15000,20000,22000,26000,29000,30000,30000,30000,30000,30000,462,132,660,9414.921624007437,229.12545804865658,30035.67637503147,1798.3549783549784
1780117537,200,,Aggregated,18.800000,6.700000,600,14000,20000,22000,27000,29000,30000,30000,30000,30000,30000,493,143,600,9260.33606169614,229.12545804865658,30035.67637503147,1858.8884381338742
1780117538,200,,Aggregated,19.400000,7.100000,550,14000,20000,22000,27000,29000,30000,30000,30000,30000,30000,518,156,550,9283.280334943765,229.12545804865658,30035.67637503147,1852.0019305019305
1780117539,200,,Aggregated,19.600000,7.800000,550,14000,20000,22000,28000,30000,30000,30000,30000,30000,30000,543,167,550,9298.13513405532,229.12545804865658,30035.67637503147,1924.7090239410682
1780117540,200,,Aggregated,21.300000,8.400000,550,13000,20000,23000,28000,30000,30000,30000,30000,30000,30000,592,189,550,9111.272616061771,228.78029104322195,30035.67637503147,2039.5844594594594
1780117541,200,,Aggregated,21.800000,8.800000,550,13000,20000,22000,28000,29000,30000,30000,30000,30000,30000,637,204,550,8918.517242210992,228.3219579840079,30035.67637503147,2163.8320251177392
1780117542,200,,Aggregated,23.900000,9.400000,500,12000,19000,22000,28000,29000,30000,30000,30000,30000,30000,670,223,490,8710.500308265562,228.3219579840079,30035.67637503147,2199.455223880597
1780117543,200,,Aggregated,26.900000,11.000000,490,11000,19000,22000,28000,29000,30000,30000,30000,30000,30000,703,232,490,8451.14385703056,228.3219579840079,30035.67637503147,2293.9615931721196
1780117544,200,,Aggregated,27.600000,11.400000,490,10000,19000,22000,28000,29000,30000,30000,30000,30000,30000,734,242,480,8277.9563454664,228.3219579840079,30035.67637503147,2286.0013623978202
1780117545,200,,Aggregated,28.100000,12.300000,490,8900,19000,21000,28000,29000,30000,30000,30000,30000,30000,772,259,480,8150.029393711605,228.3219579840079,30035.67637503147,2299.5958549222796
1780117546,200,,Aggregated,30.900000,12.900000,490,8700,19000,21000,29000,29000,30000,30000,30000,30000,30000,800,272,480,8127.170025347732,228.3219579840079,30035.67637503147,2312.675
1780117547,200,,Aggregated,31.100000,12.800000,490,8900,19000,22000,29000,29000,30000,30000,30000,30000,30000,830,290,490,8226.058595114477,228.3219579840079,30035.67637503147,2320.6915662650604
1780117548,200,,Aggregated,32.700000,13.600000,530,6100,18000,21000,29000,29000,30000,30000,30000,30000,30000,878,305,530,7936.1306643665075,228.3219579840079,30035.67637503147,2388.0922551252847
1780117549,200,,Aggregated,33.500000,13.900000,570,2400,17000,21000,29000,29000,30000,30000,30000,30000,30000,931,314,570,7687.25170965232,228.3219579840079,30035.67637503147,2569.034371643394
1780117550,200,,Aggregated,33.600000,14.500000,550,2300,17000,20000,29000,29000,30000,30000,30000,30000,30000,968,330,550,7530.76897259652,228.3219579840079,30035.67637503147,2538.4173553719006
1780117551,200,,Aggregated,36.800000,14.900000,550,2200,16000,20000,29000,29000,30000,30000,30000,30000,30000,1018,350,540,7353.51582171948,228.3219579840079,30035.67637503147,2600.666011787819
1780117552,200,,Aggregated,38.300000,14.800000,530,2000,16000,20000,29000,29000,30000,30000,30000,30000,30000,1060,370,530,7267.9367741489705,228.3219579840079,30035.67637503147,2627.953773584906
1780117553,200,,Aggregated,38.000000,14.600000,510,1700,14000,19000,29000,29000,30000,30000,30000,30000,30000,1099,386,510,7055.57782375527,228.3219579840079,30035.67637503147,2612.6369426751594
1780117554,200,,Aggregated,38.300000,14.700000,500,1400,13000,19000,29000,29000,30000,30000,30000,30000,30000,1142,402,500,6907.12439394713,228.3219579840079,30035.67637503147,2599.4343257443084
1780117555,200,,Aggregated,39.200000,15.000000,510,1300,13000,19000,29000,29000,30000,30000,30000,30000,30000,1179,420,510,6874.400986054007,228.3219579840079,30035.67637503147,2573.3859202714166
1780117556,200,,Aggregated,40.200000,15.500000,540,1300,11000,19000,29000,29000,30000,30000,30000,30000,30000,1217,430,540,6713.530697462271,228.3219579840079,30035.67637503147,2631.7674609695973
1780117557,200,,Aggregated,40.200000,15.900000,550,1300,11000,19000,28000,29000,30000,30000,30000,30000,30000,1258,442,550,6613.2222044731225,228.3219579840079,30035.67637503147,2640.703497615262
1780117558,200,,Aggregated,41.100000,15.900000,550,1300,8900,18000,28000,29000,30000,30000,30000,30000,30000,1314,457,550,6465.546585599869,228.3219579840079,30035.67637503147,2619.7328767123286
1780117559,200,,Aggregated,41.700000,15.600000,550,1300,8200,18000,28000,29000,30000,30000,30000,30000,30000,1354,472,550,6380.667978995625,226.7628340050578,30035.67637503147,2630.771787296898
1780117560,200,,Aggregated,44.100000,15.600000,560,1300,6100,17000,27000,29000,30000,30000,30000,30000,30000,1408,493,550,6254.904199497277,226.7628340050578,30035.67637503147,2622.755681818182
1780117561,200,,Aggregated,44.100000,15.500000,560,1300,5400,17000,27000,29000,30000,30000,30000,30000,30000,1447,511,560,6204.113701492963,226.7628340050578,30035.67637503147,2591.839668279198
1780117562,200,,Aggregated,42.200000,15.700000,550,1300,4000,17000,27000,29000,30000,30000,30000,30000,30000,1470,525,550,6153.928350237814,226.7628340050578,30035.67637503147,2581.079591836735
1780117563,200,,Aggregated,43.300000,16.200000,550,1300,2800,17000,27000,29000,30000,30000,30000,30000,30000,1499,542,550,6106.46923088673,226.7628340050578,30035.67637503147,2554.132088058706
1780117564,200,,Aggregated,41.800000,15.700000,560,1300,3200,16000,27000,29000,30000,30000,30000,30000,30000,1530,552,560,6028.6183680935765,226.7628340050578,30035.67637503147,2557.859477124183
1780117565,200,,Aggregated,40.400000,15.300000,580,1400,3200,14000,27000,29000,30000,30000,30000,30000,30000,1576,566,570,5917.772787186109,226.7628340050578,30035.67637503147,2584.1992385786803
1780117566,200,,Aggregated,38.400000,15.200000,630,1500,3100,12000,26000,29000,29000,30000,30000,30000,30000,1653,584,630,5734.690157378278,226.7628340050578,30035.67637503147,2598.663036902601
1780117567,200,,Aggregated,39.200000,15.100000,650,1500,3000,11000,26000,29000,29000,30000,30000,30000,30000,1703,601,650,5594.2351947133475,226.7628340050578,30035.67637503147,2578.8091603053435
1780117568,200,,Aggregated,40.600000,14.700000,640,1500,2900,8900,26000,29000,29000,30000,30000,30000,30000,1754,622,640,5456.194674654798,226.7628340050578,30035.67637503147,2558.712086659065
1780117569,200,,Aggregated,43.400000,15.300000,610,1400,2800,7800,26000,29000,29000,30000,30000,30000,30000,1790,639,610,5356.357766300777,226.7628340050578,30035.67637503147,2543.140782122905
1780117570,200,,Aggregated,42.300000,15.400000,580,1400,2700,6100,25000,29000,29000,30000,30000,30000,30000,1819,657,580,5278.736970594895,226.7628340050578,30035.67637503147,2537.5926333150082
1780117571,200,,Aggregated,43.100000,16.600000,590,1400,2700,3500,25000,29000,29000,30000,30000,30000,30000,1867,674,590,5174.888120161554,226.7628340050578,30035.67637503147,2535.0514193893946
1780117572,200,,Aggregated,42.800000,16.400000,600,1400,2500,3300,25000,29000,29000,30000,30000,30000,30000,1907,688,600,5095.807944267568,226.7628340050578,30035.67637503147,2532.208704771893
1780117573,200,,Aggregated,40.000000,16.100000,620,1400,2400,3200,25000,29000,29000,30000,30000,30000,30000,1967,707,620,4968.649062516078,226.7628340050578,30035.67637503147,2525.465175394001
1780117574,200,,Aggregated,41.900000,16.200000,580,1400,2300,3200,24000,29000,29000,30000,30000,30000,30000,2013,727,580,4863.171132540462,226.7628340050578,30035.67637503147,2504.9622454048686
1780117575,200,,Aggregated,44.100000,16.300000,570,1300,2300,3100,24000,29000,29000,30000,30000,30000,30000,2032,740,570,4822.39554179572,226.7628340050578,30035.67637503147,2497.2933070866143
1780117576,200,,Aggregated,47.400000,16.600000,570,1300,2200,3100,24000,29000,29000,30000,30000,30000,30000,2081,765,570,4725.103133134139,226.7628340050578,30035.67637503147,2479.506006727535
1780117577,200,,Aggregated,48.000000,17.500000,570,1300,2100,3000,23000,29000,29000,30000,30000,30000,30000,2119,782,570,4660.025406525852,226.7628340050578,30035.67637503147,2480.1604530438885
1780117578,200,,Aggregated,44.900000,17.800000,580,1300,2000,2900,23000,29000,29000,30000,30000,30000,30000,2190,809,580,4537.040345287164,226.7628340050578,30035.67637503147,2463.235159817352
1780117579,200,,Aggregated,42.700000,18.300000,560,1300,2000,2900,22000,29000,29000,30000,30000,30000,30000,2235,828,560,4454.808891933138,226.7628340050578,30035.67637503147,2456.510067114094
1780117580,200,,Aggregated,41.600000,18.100000,560,1300,1900,2800,22000,29000,29000,30000,30000,30000,30000,2267,838,560,4398.443695252577,226.7628340050578,30035.67637503147,2450.0714600794
1780117581,200,,Aggregated,43.600000,18.500000,560,1300,1900,2700,22000,29000,29000,30000,30000,30000,30000,2302,858,560,4343.474635594186,226.7628340050578,30035.67637503147,2427.003475238923
1780117582,200,,Aggregated,44.500000,18.900000,570,1200,1800,2700,21000,29000,29000,30000,30000,30000,30000,2355,885,570,4266.21248323146,226.7628340050578,30035.67637503147,2404.3070063694267
1780117583,200,,Aggregated,45.200000,18.500000,570,1200,1900,2500,21000,29000,29000,30000,30000,30000,30000,2396,901,570,4208.6942009994755,226.7628340050578,30035.67637503147,2394.360183639399
1780117584,200,,Aggregated,44.700000,19.100000,570,1200,1800,2400,21000,29000,29000,30000,30000,30000,30000,2442,918,560,4143.855022321482,226.7628340050578,30035.67637503147,2392.802620802621
1780117585,200,,Aggregated,44.500000,19.500000,550,1200,1800,2300,20000,28000,29000,30000,30000,30000,30000,2501,945,550,4060.6755621453276,226.7628340050578,30035.67637503147,2375.0695721711318
1780117586,200,,Aggregated,42.900000,19.500000,550,1200,1700,2300,20000,28000,29000,30000,30000,30000,30000,2549,963,550,3998.0305680857605,226.7628340050578,30035.67637503147,2380.309533150255
1780117587,200,,Aggregated,43.400000,19.100000,550,1200,1700,2200,20000,28000,29000,30000,30000,30000,30000,2598,983,550,3932.168699870385,226.7628340050578,30035.67637503147,2392.422632794457
1780117588,200,,Aggregated,46.000000,20.100000,550,1200,1700,2200,19000,28000,29000,30000,30000,30000,30000,2642,1001,550,3875.319502291613,226.7628340050578,30035.67637503147,2396.80052990159
1780117589,200,,Aggregated,46.800000,19.500000,550,1100,1600,2100,19000,28000,29000,30000,30000,30000,30000,2688,1015,550,3817.5535228669414,226.47025005426258,30035.67637503147,2414.90625
1780117590,200,,Aggregated,48.300000,20.200000,550,1100,1600,2100,19000,28000,29000,30000,30000,30000,30000,2731,1033,550,3766.907664961795,226.47025005426258,30035.67637503147,2408.1592823141705
1780117591,200,,Aggregated,45.400000,19.100000,550,1100,1500,2000,19000,28000,29000,30000,30000,30000,30000,2778,1054,550,3714.469262392332,226.47025005426258,30035.67637503147,2386.9186465082794
1780117592,200,,Aggregated,45.200000,18.800000,550,1100,1500,2000,18000,27000,29000,30000,30000,30000,30000,2833,1079,550,3653.0012661373676,226.47025005426258,30035.67637503147,2367.0988351570772
1780117593,200,,Aggregated,45.900000,19.000000,540,1000,1500,2000,18000,27000,29000,30000,30000,30000,30000,2879,1101,540,3601.6424592494586,226.47025005426258,30035.67637503147,2362.653004515457
1780117594,200,,Aggregated,46.600000,19.100000,540,1000,1500,1900,17000,27000,29000,30000,30000,30000,30000,2921,1118,540,3556.197428140219,226.47025005426258,30035.67637503147,2379.356727148237
1780117595,200,,Aggregated,47.500000,19.500000,540,990,1400,1900,17000,27000,29000,30000,30000,30000,30000,2973,1140,540,3502.668267454595,226.47025005426258,30035.67637503147,2370.0302724520684
1780117596,200,,Aggregated,47.900000,19.800000,540,970,1400,1800,16000,27000,29000,30000,30000,30000,30000,3017,1157,540,3458.5381364952736,226.47025005426258,30035.67637503147,2363.8034471329133
1780117597,200,,Aggregated,47.500000,20.000000,530,960,1400,1800,16000,27000,29000,30000,30000,30000,30000,3063,1182,530,3413.766771986678,226.47025005426258,30035.67637503147,2339.073130917401
1780117598,200,,Aggregated,47.700000,19.500000,530,950,1400,1800,14000,27000,29000,30000,30000,30000,30000,3109,1201,530,3373.367655909351,226.47025005426258,30035.67637503147,2332.0752653586364
1780117599,200,,Aggregated,46.800000,19.700000,530,940,1400,1800,14000,27000,29000,30000,30000,30000,30000,3139,1217,530,3347.178322452588,226.47025005426258,30035.67637503147,2330.0993947116917
1780117600,200,,Aggregated,46.000000,19.700000,520,940,1400,1800,13000,27000,29000,30000,30000,30000,30000,3188,1240,520,3307.250683568591,226.47025005426258,30035.67637503147,2321.072772898369
1780117601,200,,Aggregated,45.600000,19.800000,520,940,1400,1800,13000,27000,29000,30000,30000,30000,30000,3225,1253,520,3284.8675791500254,226.47025005426258,30035.67637503147,2311.146976744186
1780117602,200,,Aggregated,44.800000,20.000000,520,940,1400,1800,12000,26000,29000,30000,30000,30000,30000,3281,1272,520,3248.0003382634,226.47025005426258,30035.67637503147,2310.7253886010362
1780117603,200,,Aggregated,45.700000,20.600000,510,920,1400,1800,11000,26000,29000,29000,30000,30000,30000,3337,1304,510,3198.5807604028723,226.47025005426258,30035.67637503147,2288.209469583458
1780117604,200,,Aggregated,44.900000,20.000000,500,890,1300,1800,11000,26000,29000,29000,30000,30000,30000,3379,1319,500,3163.737724342106,226.47025005426258,30035.67637503147,2275.770642201835
1780117605,200,,Aggregated,45.200000,19.500000,500,880,1300,1800,11000,26000,29000,29000,30000,30000,30000,3412,1338,500,3136.64448513012,226.47025005426258,30035.67637503147,2263.30715123095
1780117606,200,,Aggregated,45.600000,20.300000,500,880,1300,1700,10000,26000,29000,29000,30000,30000,30000,3443,1353,500,3114.3258316668016,226.47025005426258,30035.67637503147,2261.44060412431
1780117607,200,,Aggregated,45.500000,19.800000,500,890,1300,1700,9000,26000,29000,29000,30000,30000,30000,3481,1369,500,3090.810800504148,226.47025005426258,30035.67637503147,2264.255386383223
1780117608,200,,Aggregated,43.100000,19.600000,500,890,1300,1700,8700,26000,29000,29000,30000,30000,30000,3525,1390,500,3064.770653183541,226.47025005426258,30035.67637503147,2257.2331914893616
1780117609,200,,Aggregated,42.400000,19.500000,490,890,1300,1700,7800,26000,29000,29000,30000,30000,30000,3573,1412,490,3036.3359154576697,226.47025005426258,30035.67637503147,2247.913238175203
1780117610,200,,Aggregated,41.900000,18.800000,490,900,1400,1800,6100,25000,29000,29000,30000,30000,30000,3627,1428,490,3008.432975742009,226.47025005426258,30035.67637503147,2261.2335263303007
1780117611,200,,Aggregated,42.100000,18.900000,490,880,1300,1700,5400,25000,29000,29000,30000,30000,30000,3677,1450,490,2973.8835619431084,226.47025005426258,30035.67637503147,2259.4800108784334
1780117612,200,,Aggregated,43.400000,19.500000,490,870,1300,1700,3500,25000,29000,29000,30000,30000,30000,3723,1470,490,2942.5333073601264,226.47025005426258,30035.67637503147,2243.255976363148
1780117614,200,,Aggregated,43.600000,18.800000,490,860,1300,1700,3400,25000,29000,29000,30000,30000,30000,3767,1486,490,2914.0373943373334,226.47025005426258,30035.67637503147,2239.677196708256
1780117615,200,,Aggregated,44.600000,19.300000,490,850,1300,1600,3300,25000,29000,29000,30000,30000,30000,3816,1505,490,2883.0262995626226,226.47025005426258,30035.67637503147,2241.6208071278825
1780117616,200,,Aggregated,43.600000,19.400000,480,840,1300,1600,3300,25000,29000,29000,30000,30000,30000,3856,1528,480,2856.1192223397693,226.47025005426258,30035.67637503147,2235.0155601659753
1780117617,200,,Aggregated,43.600000,18.600000,480,830,1300,1600,3200,25000,29000,29000,30000,30000,30000,3903,1551,480,2826.7815165278334,226.47025005426258,30035.67637503147,2227.3105303612606
1780117618,200,,Aggregated,43.600000,18.600000,480,820,1200,1600,3200,25000,29000,29000,30000,30000,30000,3940,1568,480,2804.872395222376,226.47025005426258,30035.67637503147,2230.7223350253807
1780117619,200,,Aggregated,45.700000,19.500000,480,820,1200,1600,3200,24000,29000,29000,30000,30000,30000,3991,1588,480,2776.1608862049957,226.47025005426258,30035.67637503147,2231.617138561764
1780117620,200,,Aggregated,45.800000,19.800000,480,820,1200,1500,3200,24000,29000,29000,30000,30000,30000,4045,1611,480,2747.564068915158,226.47025005426258,30035.67637503147,2230.8044499381954
1780117621,200,,Aggregated,46.000000,19.700000,480,820,1200,1500,3100,24000,29000,29000,30000,30000,30000,4086,1625,480,2726.7029523098613,226.47025005426258,30035.67637503147,2216.4977973568284
1780117622,200,,Aggregated,47.100000,19.900000,480,820,1200,1500,3100,24000,29000,29000,30000,30000,30000,4125,1646,480,2706.646627175066,226.47025005426258,30035.67637503147,2213.60703030303
1780117623,200,,Aggregated,45.800000,19.700000,480,830,1200,1500,3100,24000,29000,29000,30000,30000,30000,4164,1662,480,2689.023143424903,226.47025005426258,30035.67637503147,2208.3208453410184
1780117624,200,,Aggregated,44.700000,19.500000,480,830,1200,1500,3100,24000,29000,29000,30000,30000,30000,4205,1678,480,2670.4312246861277,226.47025005426258,30035.67637503147,2209.5215219976217
1780117625,200,,Aggregated,43.900000,19.100000,480,830,1200,1500,3000,23000,29000,29000,30000,30000,30000,4259,1698,480,2649.165101103246,226.47025005426258,30035.67637503147,2206.553181498004
1780117626,200,,Aggregated,43.900000,19.100000,480,830,1200,1500,3000,23000,29000,29000,30000,30000,30000,4300,1714,480,2631.13040527408,226.47025005426258,30035.67637503147,2212.613488372093
1780117627,200,,Aggregated,43.700000,19.100000,480,830,1200,1500,3000,23000,29000,29000,30000,30000,30000,4338,1726,480,2615.645490618323,226.47025005426258,30035.67637503147,2222.508529276164
1780117628,200,,Aggregated,44.400000,18.600000,480,840,1200,1500,3000,23000,29000,29000,30000,30000,30000,4398,1754,480,2591.6987988026276,226.47025005426258,30035.67637503147,2221.2733060482037
1780117629,200,,Aggregated,43.600000,17.600000,490,830,1200,1500,3000,23000,29000,29000,30000,30000,30000,4444,1769,480,2571.2828232285833,226.47025005426258,30035.67637503147,2219.920792079208
1780117630,200,,Aggregated,45.400000,18.400000,480,820,1200,1500,2900,22000,29000,29000,30000,30000,30000,4488,1796,480,2550.5640254313807,226.47025005426258,30035.67637503147,2212.483734402852
1780117631,200,,Aggregated,45.300000,18.100000,480,830,1200,1500,2900,22000,29000,29000,30000,30000,30000,4516,1810,480,2540.074785265801,226.47025005426258,30035.67637503147,2201.3343666961914
1780117632,200,,Aggregated,43.300000,17.400000,490,840,1200,1500,2900,22000,29000,29000,30000,30000,30000,4575,1830,490,2525.0896402121202,226.47025005426258,30035.67637503147,2205.495300546448
1780117633,200,,Aggregated,42.100000,18.300000,490,850,1200,1500,2800,22000,29000,29000,30000,30000,30000,4624,1842,490,2509.751127832906,226.47025005426258,30035.67637503147,2205.2037197231834
1780117634,200,,Aggregated,42.500000,17.800000,490,840,1200,1500,2800,22000,29000,29000,30000,30000,30000,4660,1865,490,2493.3561878801256,226.47025005426258,30035.67637503147,2195.148497854077
1780117635,200,,Aggregated,45.800000,18.100000,490,840,1200,1500,2800,21000,29000,29000,30000,30000,30000,4706,1887,490,2474.900173798576,226.47025005426258,30035.67637503147,2194.0881852953676
1780117636,200,,Aggregated,45.800000,18.100000,490,850,1200,1500,2800,21000,29000,29000,30000,30000,30000,4731,1892,490,2466.470163976382,226.47025005426258,30035.67637503147,2191.59015007398
1780117637,200,,Aggregated,45.100000,18.900000,490,850,1200,1500,2800,21000,29000,29000,30000,30000,30000,4757,1901,490,2459.3970083603185,226.47025005426258,30035.67637503147,2190.818372924112
1780117638,200,,Aggregated,43.100000,17.800000,500,880,1200,1500,2700,21000,29000,29000,30000,30000,30000,4822,1935,500,2443.3230758024324,226.47025005426258,30035.67637503147,2194.3195769390295
1780117639,200,,Aggregated,41.800000,17.500000,500,880,1200,1500,2700,21000,29000,29000,30000,30000,30000,4865,1946,500,2430.866317930593,226.47025005426258,30035.67637503147,2201.0674203494345
1780117640,200,,Aggregated,42.700000,18.200000,500,880,1200,1500,2700,21000,29000,29000,30000,30000,30000,4909,1969,500,2414.915177161984,226.47025005426258,30035.67637503147,2202.950091668364
1780117641,200,,Aggregated,41.600000,17.600000,500,880,1200,1500,2600,20000,29000,29000,30000,30000,30000,4977,1994,500,2391.7055451206193,226.47025005426258,30035.67637503147,2204.9720715290337
1780117642,200,,Aggregated,43.100000,18.300000,500,870,1200,1500,2600,20000,29000,29000,30000,30000,30000,5023,2013,500,2373.8998116712137,226.47025005426258,30035.67637503147,2193.470635078638
1780117643,200,,Aggregated,46.700000,18.300000,500,860,1200,1500,2600,20000,29000,29000,30000,30000,30000,5070,2037,500,2355.5111491750995,226.47025005426258,30035.67637503147,2189.955029585799
1780117644,200,,Aggregated,46.500000,18.700000,500,860,1200,1400,2600,20000,29000,29000,30000,30000,30000,5113,2055,500,2338.599805305767,226.47025005426258,30035.67637503147,2192.3588891062
1780117645,200,,Aggregated,43.900000,19.200000,490,850,1200,1400,2600,20000,29000,29000,30000,30000,30000,5151,2075,490,2324.114310802593,226.47025005426258,30035.67637503147,2188.6427878081927
1780117646,200,,Aggregated,44.900000,18.900000,500,850,1200,1400,2600,20000,29000,29000,30000,30000,30000,5195,2091,500,2310.6364992116023,226.47025005426258,30035.67637503147,2180.56708373436
1780117647,200,,Aggregated,44.500000,19.000000,500,860,1200,1400,2600,19000,29000,29000,30000,30000,30000,5236,2107,500,2298.900940155523,226.47025005426258,30035.67637503147,2183.814935064935
1780117648,200,,Aggregated,46.100000,19.800000,500,870,1200,1400,2500,19000,29000,29000,30000,30000,30000,5276,2126,500,2287.9191650138805,226.47025005426258,30035.67637503147,2181.438779378317
1780117649,200,,Aggregated,47.800000,20.500000,500,880,1200,1400,2500,19000,29000,29000,30000,30000,30000,5324,2141,500,2277.72351881151,226.47025005426258,30035.67637503147,2191.5978587528175
1780117650,200,,Aggregated,45.400000,19.100000,500,880,1200,1400,2500,19000,29000,29000,30000,30000,30000,5374,2154,500,2266.9133116908333,226.47025005426258,30035.67637503147,2191.0521027167847
1780117651,200,,Aggregated,45.400000,19.500000,500,880,1200,1400,2400,19000,29000,29000,30000,30000,30000,5430,2177,500,2249.2859835987933,226.47025005426258,30035.67637503147,2184.266114180479
1780117652,200,,Aggregated,45.900000,18.400000,500,870,1200,1400,2400,19000,29000,29000,30000,30000,30000,5470,2201,500,2235.150270815321,226.47025005426258,30035.67637503147,2185.7586837294334
1780117653,200,,Aggregated,45.100000,18.400000,500,860,1200,1400,2400,19000,29000,29000,30000,30000,30000,5514,2223,500,2221.7551099297475,226.47025005426258,30035.67637503147,2183.817192600653
1780117654,200,,Aggregated,44.600000,18.200000,500,860,1200,1400,2400,19000,29000,29000,30000,30000,30000,5555,2236,500,2211.7656184342363,226.47025005426258,30035.67637503147,2181.1850585058505
1780117655,200,,Aggregated,44.800000,18.600000,500,860,1200,1400,2400,19000,29000,29000,30000,30000,30000,5598,2255,500,2200.4671229055225,226.47025005426258,30035.67637503147,2183.4260450160773
1780117656,200,,Aggregated,43.500000,17.900000,500,860,1200,1400,2400,18000,29000,29000,30000,30000,30000,5635,2267,500,2191.772167011248,226.47025005426258,30035.67637503147,2189.7325643300796
1780117657,200,,Aggregated,44.200000,17.600000,500,870,1200,1400,2300,18000,29000,29000,30000,30000,30000,5677,2278,500,2183.4594788741088,226.47025005426258,30035.67637503147,2197.7620221948214
1780117658,200,,Aggregated,43.500000,17.300000,500,880,1200,1400,2300,18000,29000,29000,30000,30000,30000,5712,2285,500,2177.3600651677893,226.47025005426258,30035.67637503147,2195.5246848739494
1780117659,200,,Aggregated,43.900000,17.000000,500,880,1200,1400,2300,18000,29000,29000,30000,30000,30000,5753,2302,500,2169.285448068494,226.47025005426258,30035.67637503147,2194.6940726577436
1780117660,200,,Aggregated,42.800000,15.900000,500,890,1200,1500,2300,18000,29000,29000,30000,30000,30000,5787,2316,500,2162.723006448744,226.47025005426258,30035.67637503147,2196.5320546051494
1780117661,200,,Aggregated,43.500000,16.200000,500,890,1200,1500,2300,18000,29000,29000,30000,30000,30000,5838,2334,500,2152.5284074213664,226.47025005426258,30035.67637503147,2202.7728674203495
1780117662,200,,Aggregated,41.200000,16.300000,500,890,1200,1500,2300,17000,29000,29000,30000,30000,30000,5880,2349,500,2144.367046043361,226.47025005426258,30035.67637503147,2208.6590136054424
1780117663,200,,Aggregated,39.100000,15.200000,500,900,1200,1500,2300,17000,29000,29000,30000,30000,30000,5939,2365,500,2131.9033378562062,226.47025005426258,30035.67637503147,2215.300892406129
1780117664,200,,Aggregated,41.700000,15.400000,500,890,1200,1500,2300,17000,29000,29000,30000,30000,30000,5984,2389,500,2118.835355236295,226.47025005426258,30035.67637503147,2209.424632352941
1780117665,200,,Aggregated,41.100000,13.700000,500,880,1200,1500,2300,16000,29000,29000,30000,30000,30000,6032,2408,500,2105.893647163467,226.47025005426258,30035.67637503147,2209.4973474801063
1780117666,200,,Aggregated,43.000000,15.000000,500,880,1200,1400,2300,16000,29000,29000,30000,30000,30000,6079,2436,500,2092.380845674777,226.47025005426258,30035.67637503147,2208.2049679223555
